Workbook
Name personel: 'Personel Listesi'!$A$1:$E$22

Sheet Personel Listesi
A1: Sıra No | B1: Adı | C1: Soyadı | D1: Birimi | E1: Görevi | F1: İşe Başlama Tarihi | G1: Cinsiyeti | H1: Yaşı | I1: Günlük Ücreti | J1: Adı | K1: Soyadı | L1: Görevi | M1: Sonuç | N1: Satır
A2: 1 | B2: Ahmet | C2: Yavuz | D2: Üretim | E2: Montaj | F2: 35829 | G2: Erkek | H2: 52 | I2: 120 | J2: =IFERROR(SEARCH('Arama Motoru Penceresi'!$H$3,B2),0) -> 4 | K2: =IFERROR(SEARCH('Arama Motoru Penceresi'!$I$3,C2),0) -> 2 | L2: =IFERROR(SEARCH('Arama Motoru Penceresi'!$J$3,E2),0) -> 1 | M2: =PRODUCT(J2:L2) -> 8 | N2: =IF(M2>0,ROW(),"") -> 2
A3: 2 | B3: Aslı | C3: Kara | D3: Teknik Ofis | E3: Teknik Ressam | F3: 36715 | G3: Kadın | H3: 49 | I3: 115 | J3: =IFERROR(SEARCH('Arama Motoru Penceresi'!$H$3,B3),0) -> 0 | K3: =IFERROR(SEARCH('Arama Motoru Penceresi'!$I$3,C3),0) -> 2 | L3: =IFERROR(SEARCH('Arama Motoru Penceresi'!$J$3,E3),0) -> 0 | M3: =PRODUCT(J3:L3) -> 0 | N3: =IF(M3>0,ROW(),"")
A4: 3 | B4: Akif | C4: Karaca | D4: Satınalma | E4: Teklif Talep | F4: 37876 | G4: Erkek | H4: 52 | I4: 180 | J4: =IFERROR(SEARCH('Arama Motoru Penceresi'!$H$3,B4),0) -> 0 | K4: =IFERROR(SEARCH('Arama Motoru Penceresi'!$I$3,C4),0) -> 2 | L4: =IFERROR(SEARCH('Arama Motoru Penceresi'!$J$3,E4),0) -> 0 | M4: =PRODUCT(J4:L4) -> 0 | N4: =IF(M4>0,ROW(),"")
A5: 4 | B5: Ayça | C5: Karakuzu | D5: Üretim | E5: Kaynak | F5: 38944 | G5: Kadın | H5: 48 | I5: 130 | J5: =IFERROR(SEARCH('Arama Motoru Penceresi'!$H$3,B5),0) -> 0 | K5: =IFERROR(SEARCH('Arama Motoru Penceresi'!$I$3,C5),0) -> 2 | L5: =IFERROR(SEARCH('Arama Motoru Penceresi'!$J$3,E5),0) -> 0 | M5: =PRODUCT(J5:L5) -> 0 | N5: =IF(M5>0,ROW(),"")
A6: 5 | B6: Zeynep | C6: Yılmaz | D6: Üretim | E6: Sevkiyat | F6: 40166 | G6: Kadın | H6: 45 | I6: 145 | J6: =IFERROR(SEARCH('Arama Motoru Penceresi'!$H$3,B6),0) -> 2 | K6: =IFERROR(SEARCH('Arama Motoru Penceresi'!$I$3,C6),0) -> 5 | L6: =IFERROR(SEARCH('Arama Motoru Penceresi'!$J$3,E6),0) -> 0 | M6: =PRODUCT(J6:L6) -> 0 | N6: =IF(M6>0,ROW(),"")
A7: 6 | B7: Ahmet | C7: Tansel | D7: Satınalma | E7: Raporlama | F7: 40258 | G7: Kadın | H7: 38 | I7: 178 | J7: =IFERROR(SEARCH('Arama Motoru Penceresi'!$H$3,B7),0) -> 4 | K7: =IFERROR(SEARCH('Arama Motoru Penceresi'!$I$3,C7),0) -> 2 | L7: =IFERROR(SEARCH('Arama Motoru Penceresi'!$J$3,E7),0) -> 0 | M7: =PRODUCT(J7:L7) -> 0 | N7: =IF(M7>0,ROW(),"")
A8: 7 | B8: Burak | C8: Sarkım | D8: Teknik Ofis | E8: Otomasyon Sorumlusu | F8: 40409 | G8: Erkek | H8: 42 | I8: 140 | J8: =IFERROR(SEARCH('Arama Motoru Penceresi'!$H$3,B8),0) -> 0 | K8: =IFERROR(SEARCH('Arama Motoru Penceresi'!$I$3,C8),0) -> 2 | L8: =IFERROR(SEARCH('Arama Motoru Penceresi'!$J$3,E8),0) -> 0 | M8: =PRODUCT(J8:L8) -> 0 | N8: =IF(M8>0,ROW(),"")
A9: 8 | B9: Burcu | C9: Yılmaz | D9: Üretim | E9: Montaj | F9: 40577 | G9: Kadın | H9: 45 | I9: 120 | J9: =IFERROR(SEARCH('Arama Motoru Penceresi'!$H$3,B9),0) -> 0 | K9: =IFERROR(SEARCH('Arama Motoru Penceresi'!$I$3,C9),0) -> 5 | L9: =IFERROR(SEARCH('Arama Motoru Penceresi'!$J$3,E9),0) -> 1 | M9: =PRODUCT(J9:L9) -> 0 | N9: =IF(M9>0,ROW(),"")
A10: 9 | B10: Kasım | C10: Deniz | D10: Üretim | E10: Kaynak | F10: 40745 | G10: Erkek | H10: 32 | I10: 130 | J10: =IFERROR(SEARCH('Arama Motoru Penceresi'!$H$3,B10),0) -> 0 | K10: =IFERROR(SEARCH('Arama Motoru Penceresi'!$I$3,C10),0) -> 0 | L10: =IFERROR(SEARCH('Arama Motoru Penceresi'!$J$3,E10),0) -> 0 | M10: =PRODUCT(J10:L10) -> 0 | N10: =IF(M10>0,ROW(),"")
A11: 10 | B11: Ahmet | C11: Altunkaya | D11: Muhasebe | E11: Veri Girişi | F11: 40913 | G11: Kadın | H11: 35 | I11: 125 | J11: =IFERROR(SEARCH('Arama Motoru Penceresi'!$H$3,B11),0) -> 4 | K11: =IFERROR(SEARCH('Arama Motoru Penceresi'!$I$3,C11),0) -> 1 | L11: =IFERROR(SEARCH('Arama Motoru Penceresi'!$J$3,E11),0) -> 0 | M11: =PRODUCT(J11:L11) -> 0 | N11: =IF(M11>0,ROW(),"")
A12: 11 | B12: Rıza | C12: Sönmez | D12: Satınalma | E12: Teklif Talep | F12: 41081 | G12: Erkek | H12: 33 | I12: 130 | J12: =IFERROR(SEARCH('Arama Motoru Penceresi'!$H$3,B12),0) -> 0 | K12: =IFERROR(SEARCH('Arama Motoru Penceresi'!$I$3,C12),0) -> 0 | L12: =IFERROR(SEARCH('Arama Motoru Penceresi'!$J$3,E12),0) -> 0 | M12: =PRODUCT(J12:L12) -> 0 | N12: =IF(M12>0,ROW(),"")
A13: 12 | B13: Yaşam | C13: Er | D13: Üretim | E13: Montaj | F13: 41249 | G13: Kadın | H13: 29 | I13: 180 | J13: =IFERROR(SEARCH('Arama Motoru Penceresi'!$H$3,B13),0) -> 0 | K13: =IFERROR(SEARCH('Arama Motoru Penceresi'!$I$3,C13),0) -> 0 | L13: =IFERROR(SEARCH('Arama Motoru Penceresi'!$J$3,E13),0) -> 1 | M13: =PRODUCT(J13:L13) -> 0 | N13: =IF(M13>0,ROW(),"")
... A22: 21 | B22: Emine | C22: Karahan | D22: Üretim | E22: Üretim Sorumlusu | F22: 42761 | G22: Kadın | H22: 27 | I22: 105 | J22: =IFERROR(SEARCH('Arama Motoru Penceresi'!$H$3,B22),0) -> 1 | K22: =IFERROR(SEARCH('Arama Motoru Penceresi'!$I$3,C22),0) -> 2 | L22: =IFERROR(SEARCH('Arama Motoru Penceresi'!$J$3,E22),0) -> 0 | M22: =PRODUCT(J22:L22) -> 0 | N22: =IF(M22>0,ROW(),"")

Sheet Arama Motoru Penceresi
H1: Arama Penceresi
A2: Sıra No | B2: Adı | C2: Soyadı | D2: Birimi | E2: Görevi | H2: Adı | I2: Soyadı | J2: Görevi
A3: {=IFERROR(INDEX(personel,SMALL('Personel Listesi'!$N:$N,ROW()-2),COLUMN()),"")} -> 1 | B3: {=IFERROR(INDEX(personel,SMALL('Personel Listesi'!$N:$N,ROW()-2),COLUMN()),"")} -> Ahmet | C3: {=IFERROR(INDEX(personel,SMALL('Personel Listesi'!$N:$N,ROW()-2),COLUMN()),"")} -> Yavuz | D3: {=IFERROR(INDEX(personel,SMALL('Personel Listesi'!$N:$N,ROW()-2),COLUMN()),"")} -> Üretim | E3: {=IFERROR(INDEX(personel,SMALL('Personel Listesi'!$N:$N,ROW()-2),COLUMN()),"")} -> Montaj | H3: e | I3: a | J3: montaj
A4: {=IFERROR(INDEX(personel,SMALL('Personel Listesi'!$N:$N,ROW()-2),COLUMN()),"")} -> 15 | B4: {=IFERROR(INDEX(personel,SMALL('Personel Listesi'!$N:$N,ROW()-2),COLUMN()),"")} -> Sibel | C4: {=IFERROR(INDEX(personel,SMALL('Personel Listesi'!$N:$N,ROW()-2),COLUMN()),"")} -> Karadağ | D4: {=IFERROR(INDEX(personel,SMALL('Personel Listesi'!$N:$N,ROW()-2),COLUMN()),"")} -> Üretim | E4: {=IFERROR(INDEX(personel,SMALL('Personel Listesi'!$N:$N,ROW()-2),COLUMN()),"")} -> Montaj
A5: {=IFERROR(INDEX(personel,SMALL('Personel Listesi'!$N:$N,ROW()-2),COLUMN()),"")} -> 18 | B5: {=IFERROR(INDEX(personel,SMALL('Personel Listesi'!$N:$N,ROW()-2),COLUMN()),"")} -> Emre | C5: {=IFERROR(INDEX(personel,SMALL('Personel Listesi'!$N:$N,ROW()-2),COLUMN()),"")} -> Ağmil | D5: {=IFERROR(INDEX(personel,SMALL('Personel Listesi'!$N:$N,ROW()-2),COLUMN()),"")} -> Üretim | E5: {=IFERROR(INDEX(personel,SMALL('Personel Listesi'!$N:$N,ROW()-2),COLUMN()),"")} -> Montaj
A6: {=IFERROR(INDEX(personel,SMALL('Personel Listesi'!$N:$N,ROW()-2),COLUMN()),"")} -> 19 | B6: {=IFERROR(INDEX(personel,SMALL('Personel Listesi'!$N:$N,ROW()-2),COLUMN()),"")} -> Betül | C6: {=IFERROR(INDEX(personel,SMALL('Personel Listesi'!$N:$N,ROW()-2),COLUMN()),"")} -> Alpaslan | D6: {=IFERROR(INDEX(personel,SMALL('Personel Listesi'!$N:$N,ROW()-2),COLUMN()),"")} -> Üretim | E6: {=IFERROR(INDEX(personel,SMALL('Personel Listesi'!$N:$N,ROW()-2),COLUMN()),"")} -> Montaj
